name,description,latitude,longitude,elevation
Celestial Peaks of Ramelau,The sacred mountain of Ramelau believed to be the dwelling place of ancient celestial beings. Its peaks are shrouded in mist and legend.,-8.8607,125.5286,2986
Enchanted Forests of Lautém,The lush and mysterious forests of Lautém home to mythical creatures and ancient spirits. Travelers are advised to tread carefully.,-8.3639,126.9714,497
Whispering Caves of Baucau,The eerie caves of Baucau where whispers of long-forgotten secrets echo through the tunnels. It is said that those who listen closely may uncover hidden truths.,-8.4714,126.4589,375
Shimmering Shores of Jaco Island,The pristine beaches of Jaco Island where the sands sparkle with an otherworldly essence. Legend has it that the island is a gateway to the realm of the sea deities.,-8.4385,127.3384,0
Emerald Terraces of Bobonaro,The verdant rice terraces of Bobonaro said to be sculpted by the hands of ancient earth spirits. The terraces are imbued with an arcane energy that nurtures the land.,-8.9667,125.2667,882
Ethereal Springs of Marobo,The shimmering hot springs of Marobo believed to possess healing properties bestowed by the water nymphs. Those who bathe in the springs may find their ailments miraculously cured.,-9.2253,125.3214,412
Misty Marshes of Covalima,The eerie marshes of Covalima shrouded in an eternal mist. It is whispered that the marshes are a realm where the boundaries between the living and the dead blur.,-9.3244,125.0811,276
Whispering Woodlands of Viqueque,The enchanted forests of Viqueque where the trees whisper ancient secrets to those who know how to listen. Many have ventured into the woods never to be seen again.,-8.8583,126.3639,68
Radiant Ruins of Maubisse,The crumbling ruins of an ancient civilization in Maubisse said to hold powerful relics and forgotten knowledge. The ruins emit an eerie radiance under the moonlight.,-8.8681,125.5989,1432
Thundering Falls of Bandeira,The majestic waterfalls of Bandeira where the roar of the cascading water is said to be the voice of the thunder gods. Those who approach the falls may feel an electrifying presence.,-8.5306,125.6639,1292
Whispering Winds of Venilale,The serene plains of Venilale where gentle winds carry the whispers of ancient spirits. It is believed that the winds can guide lost souls to their destined paths.,-8.6333,126.3833,746
Shimmering Sands of Com,The mesmerizing beach of Com where the sands glimmer with an otherworldly light. Legend has it that the sands hold the power to grant wishes to those pure of heart.,-8.35,126.6667,0
Misty Peaks of Matebian,The fog-shrouded mountains of Matebian home to ancient spirits and hidden temples. Travelers who brave the misty trails may uncover long-lost secrets.,-8.7365,126.3706,2316
Echoing Caverns of Lautém,The cavernous tunnels of Lautém where every footstep echoes through the depths. It is rumored that the caverns lead to a subterranean realm inhabited by mysterious beings.,-8.4014,126.9244,612
Enchanted Groves of Ermera,The mystical forests of Ermera where the trees are said to possess ancient wisdom. Those who meditate beneath their boughs may receive profound insights and guidance.,-8.7414,125.3989,1192
Whispering Canyons of Manatuto,The echoing canyons of Manatuto where the wind carries the whispers of forgotten tales. Adventurers who venture into the canyons may stumble upon hidden treasures and ancient relics.,-8.5167,126.0167,38
Radiant Pools of Liquiçá,The shimmering pools of Liquiçá said to be infused with the essence of the moon. Bathing in the pools under a full moon is believed to grant heightened intuition and prophetic dreams.,-8.5872,125.3425,142
Whispering Willows of Ainaro,The tranquil groves of Ainaro where the willows whisper secrets of the past. It is said that those who listen closely may hear the echoes of ancient melodies carried on the breeze.,-9.0106,125.5075,1027
Shimmering Springs of Baucau,The crystal-clear springs of Baucau believed to be portals to the elemental plane of water. Those who drink from the springs may gain the ability to breathe underwater.,-8.4386,126.5967,336
Misty Moors of Manufahi,The eerie moors of Manufahi perpetually shrouded in a dense mist. It is whispered that the moors are haunted by the restless spirits of fallen warriors.,-9.1897,125.8186,451
Ethereal Falls of Ataúro,The mesmerizing waterfalls of Ataúro where the water cascades with an otherworldly glow. Legend has it that the falls are a gateway to the celestial realms.,-8.2529,125.5861,0
Whispering Wetlands of Lospalos,The enigmatic wetlands of Lospalos where the boundary between land and water blurs. Strange creatures are said to lurk beneath the murky surface.,-8.5217,127.0039,27
Radiant Reefs of Bikeli,The vibrant coral reefs of Bikeli teeming with luminescent sea life. Divers who explore the reefs may encounter ancient ruins and sunken treasures.,-8.1379,126.3917,0
Misty Mangroves of Metinaro,The labyrinthine mangroves of Metinaro where the roots of the trees twist and turn in mesmerizing patterns. It is believed that the mangroves hold the key to navigating the spirit world.,-8.5333,125.7833,5
Whispering Winds of Baguia,The windswept plains of Baguia where the breeze carries the whispers of nomadic spirits. Those who follow the wind may find themselves on a path of self-discovery and enlightenment.,-8.7996,126.6591,517
Shimmering Shores of Vemasse,The sun-drenched beaches of Vemasse where the sands sparkle like tiny jewels. It is said that the shores are blessed by the goddess of beauty and those who walk upon them are graced with eternal youth.,-8.3333,126.2167,0
Radiant Ridges of Lolotoe,The luminous mountain ridges of Lolotoe that glow with an ethereal light at night. Legends speak of a hidden city nestled among the ridges where the secrets of the stars are guarded.,-9.0333,125.2667,1185
Misty Meadows of Laclubar,The sprawling meadows of Laclubar perpetually shrouded in a gentle mist. It is believed that the mist is the breath of the nature spirits who protect the land.,-8.7667,125.9,1170
Whispering Woodlands of Luro,The dense forests of Luro where the trees whisper ancient knowledge to those who are worthy. Many seekers of wisdom have ventured into the woods hoping to unlock the secrets of the universe.,-8.5205,126.6228,374
Shimmering Streams of Ilomar,The crystalline streams of Ilomar that flow with a mesmerizing iridescence. Legend has it that the waters possess the power to cleanse the soul and wash away the burdens of the past.,-8.8342,126.8369,25
Radiant Ruins of Tutuala,The enigmatic ruins of Tutuala that glow with an otherworldly aura. It is said that the ruins are a gateway to the realm of the gods and those who enter may be granted divine powers.,-8.4019,127.2525,0
Misty Moors of Quelicai,The fog-shrouded moors of Quelicai where the veil between the mortal world and the spirit realm is thin. Many have reported sightings of ghostly figures and strange apparitions.,-8.5981,126.5547,682
Whispering Winds of Maubara,The gentle breezes of Maubara that carry the whispers of ancient love stories. It is believed that couples who profess their love in the presence of the winds are blessed with eternal devotion.,-8.6167,125.2167,0
Shimmering Shores of Laga,The azure shores of Laga where the sands shimmer with a celestial glow. It is said that the shores are a favorite haunt of the moon goddess and those who bathe in the waters under a full moon are granted mystical powers.,-8.4592,126.6728,0
Radiant Reefs of Ataúro Island,The kaleidoscopic coral reefs of Ataúro Island that pulse with an otherworldly energy. Divers who explore the reefs may encounter ancient artifacts and forgotten treasures.,-8.2194,125.5917,0
Misty Mountains of Hatubuilico,The cloud-capped mountains of Hatubuilico where the boundaries between the mortal realm and the heavens blur. It is said that the mountains are the resting place of fallen celestial beings.,-8.9167,125.4333,2247
Whispering Wetlands of Mehara,The whispering wetlands of Mehara where the rustling of the reeds reveals the secrets of the past. Many have ventured into the wetlands in search of ancient wisdom and self-discovery.,-8.4,126.3833,0
Shimmering Springs of Uato-Lari,The effervescent springs of Uato-Lari that bubble with a mystical energy. It is believed that drinking from the springs grants heightened spiritual awareness and prophetic visions.,-8.9167,126.6333,0
Radiant Ridges of Mundo Perdido,The luminescent ridges of Mundo Perdido that glow with an ethereal light. It is said that the ridges are the remnants of a celestial bridge that once connected the mortal world to the heavens.,-8.7712,126.3787,1763
Misty Meadows of Ossu,The enchanting meadows of Ossu veiled in a perpetual mist. It is believed that the mist is the breath of the nature spirits who guard the secrets of the land.,-8.7333,126.3667,928
Whispering Woodlands of Maliana,The murmuring forests of Maliana where the trees impart ancient wisdom to those who listen. Many have sought solace and guidance in the embrace of the whispering woods.,-8.9833,125.2167,347
Shimmering Shores of Baucau,The opalescent shores of Baucau where the sands shimmer with a mesmerizing iridescence. It is said that the shores are a portal to the realm of dreams and those who slumber upon them are granted vivid visions.,-8.4653,126.4578,0
Radiant Reefs of Jaco,The prismatic coral reefs of Jaco that pulsate with a vibrant energy. Divers who explore the reefs may stumble upon ancient relics and forgotten prophecies.,-8.4231,127.3403,0
Misty Moors of Natarbora,The ethereal moors of Natarbora shrouded in an everlasting mist. It is whispered that the moors are a gathering place for restless spirits seeking solace and redemption.,-9.0667,125.9833,1069
Whispering Winds of Lolotoe,The soothing breezes of Lolotoe that carry the whispers of ancestral wisdom. Those who attune themselves to the winds may receive guidance and enlightenment from the spirits of the past.,-9.0167,125.2833,1188
Shimmering Springs of Laclo,The scintillating springs of Laclo that radiate with a celestial glow. It is believed that bathing in the springs under a starlit sky grants wishes and manifests desires.,-8.6049,126.1769,0
Radiant Ruins of Lore,The enigmatic ruins of Lore that pulse with an arcane energy. It is said that the ruins hold the key to unlocking the secrets of ancient magic and forgotten spells.,-8.6333,126.4167,0
Misty Mountains of Fatu Besi,The mist-cloaked mountains of Fatu Besi where the boundaries between reality and illusion blur. Many have ventured into the mountains seeking to unravel the mysteries of existence.,-8.8922,126.3747,2100
Whispering Wetlands of Uatucarbau,The enigmatic wetlands of Uatucarbau where the whispers of the wind reveal hidden truths. It is believed that those who meditate in the serenity of the wetlands gain profound insights and inner peace.,-8.5,126.5667,0
Shimmering Shores of Lore,The iridescent shores of Lore where the sands glimmer with a mesmerizing luminescence. Legend has it that the shores are a gateway to the realm of lost souls seeking redemption.,-8.6167,126.4167,0
Radiant Reefs of Com,The kaleidoscopic coral reefs of Com that pulsate with an otherworldly energy. Divers who explore the reefs may encounter ancient guardians and long-forgotten treasures.,-8.35,126.6667,0
Misty Meadows of Barique,The enchanting meadows of Barique veiled in a perpetual mist. It is said that the mist is the breath of the nature spirits who bestow blessings upon those who tread lightly upon the land.,-8.8167,125.4667,1200
Whispering Woodlands of Lacluta,The murmuring forests of Lacluta where the trees whisper ancient secrets to those who are pure of heart. Many have sought wisdom and enlightenment in the embrace of the whispering woods.,-8.8667,126.4833,0
Shimmering Springs of Laga,The effervescent springs of Laga that bubble with a mystical energy. It is believed that drinking from the springs grants heightened intuition and the ability to perceive the unseen.,-8.45,126.6667,0
Radiant Ridges of Maubisse,The luminescent ridges of Maubisse that glow with an ethereal light. It is said that the ridges are the remnants of a celestial stairway that once led to the realm of the gods.,-8.8667,125.6,1486
Misty Moors of Alas,The ethereal moors of Alas shrouded in an everlasting mist. It is whispered that the moors are a haven for lost souls seeking solace and redemption.,-8.7833,125.4833,1200
Whispering Winds of Tutuala,The soothing breezes of Tutuala that carry the whispers of ancestral knowledge. Those who attune themselves to the winds may receive guidance and wisdom from the spirits of the past.,-8.4,127.2667,0
Shimmering Shores of Manatuto,The opalescent shores of Manatuto where the sands shimmer with a mesmerizing iridescence. It is said that the shores are a portal to the realm of dreams and those who slumber upon them are granted prophetic visions.,-8.5167,126.0167,0
Radiant Reefs of Liquiçá,The prismatic coral reefs of Liquiçá that pulsate with a vibrant energy. Divers who explore the reefs may stumble upon ancient artifacts and forgotten legends.,-8.5833,125.3333,0
Misty Mountains of Ramelau,The cloud-capped mountains of Ramelau where the boundaries between the mortal realm and the spirit world blur. It is said that the mountains are the dwelling place of powerful nature deities.,-8.8607,125.5286,2986
Whispering Wetlands of Viqueque,The enigmatic wetlands of Viqueque where the whispers of the wind reveal ancient prophecies. It is believed that those who meditate in the tranquility of the wetlands gain profound insights and spiritual awakening.,-8.